-- =============================================
-- Script Template
-- =============================================

/*************************************************************************/
/***** Tabela ESTADO *****/

insert into UF(UF_ID, UF_NOME) values ('1', 'Acre');
insert into UF(UF_ID, UF_NOME) values ('2', 'Alagoas');
insert into UF(UF_ID, UF_NOME) values ('3', 'Amapá');
insert into UF(UF_ID, UF_NOME) values ('4', 'Amazonas');
insert into UF(UF_ID, UF_NOME) values ('5', 'Bahia');
insert into UF(UF_ID, UF_NOME) values ('6', 'Ceará');
insert into UF(UF_ID, UF_NOME) values ('7', 'Distrito Federal');
insert into UF(UF_ID, UF_NOME) values ('8', 'Espírito Santo');
insert into UF(UF_ID, UF_NOME) values ('9', 'Goiás');
insert into UF(UF_ID, UF_NOME) values ('10', 'Maranhão');
insert into UF(UF_ID, UF_NOME) values ('11', 'Mato Grosso');
insert into UF(UF_ID, UF_NOME) values ('12', 'Mato Grosso do Sul');
insert into UF(UF_ID, UF_NOME) values ('13', 'Minas Gerais');
insert into UF(UF_ID, UF_NOME) values ('14', 'Pará');
insert into UF(UF_ID, UF_NOME) values ('15', 'Paraíba');
insert into UF(UF_ID, UF_NOME) values ('16', 'Paraná');
insert into UF(UF_ID, UF_NOME) values ('17', 'Pernambuco');
insert into UF(UF_ID, UF_NOME) values ('18', 'Piauí');
insert into UF(UF_ID, UF_NOME) values ('19', 'Rio de Janeiro');
insert into UF(UF_ID, UF_NOME) values ('20', 'Rio Grande do Norte');
insert into UF(UF_ID, UF_NOME) values ('21', 'Rio Grande do Sul');
insert into UF(UF_ID, UF_NOME) values ('22', 'Rondônia');
insert into UF(UF_ID, UF_NOME) values ('23', 'Rorâima');
insert into UF(UF_ID, UF_NOME) values ('24', 'São Paulo');
insert into UF(UF_ID, UF_NOME) values ('25', 'Santa Catarina');
insert into UF(UF_ID, UF_NOME) values ('26', 'Sergipe');
insert into UF(UF_ID, UF_NOME) values ('27', 'Tocantins');


/*************************************************************************/
/***** Tabela ESTADO CIVIL *****/

insert into ESTADO_CIVIL(ECI_ID, ECI_NOME) values ('1', 'Solteiro');
insert into ESTADO_CIVIL(ECI_ID, ECI_NOME) values ('2', 'Casado');
insert into ESTADO_CIVIL(ECI_ID, ECI_NOME) values ('3', 'Separado');
insert into ESTADO_CIVIL(ECI_ID, ECI_NOME) values ('4', 'Divorciado');
insert into ESTADO_CIVIL(ECI_ID, ECI_NOME) values ('5', 'Viuvo');


/*************************************************************************/
/***** Tabela RAMO ATIVIDADE *****/        

insert into RAMO_ATIVIDADE(RAT_ID, RAT_NOME) values ('1', 'Academia de Esportes / Artes Marciais');
insert into RAMO_ATIVIDADE(RAT_ID, RAT_NOME) values ('2', 'Açúcar e Álcool');
insert into RAMO_ATIVIDADE(RAT_ID, RAT_NOME) values ('3', 'Administração e Participação');
insert into RAMO_ATIVIDADE(RAT_ID, RAT_NOME) values ('4', 'Agências de Turismo / Viagem');
insert into RAMO_ATIVIDADE(RAT_ID, RAT_NOME) values ('5', 'Agricultura / Pecuária / Silvicultura');
insert into RAMO_ATIVIDADE(RAT_ID, RAT_NOME) values ('6', 'Alimentos');
insert into RAMO_ATIVIDADE(RAT_ID, RAT_NOME) values ('7', 'Arquitetura / Paisagismo / Urbanismo');
insert into RAMO_ATIVIDADE(RAT_ID, RAT_NOME) values ('8', 'Automação');
insert into RAMO_ATIVIDADE(RAT_ID, RAT_NOME) values ('9', 'Automotivo');
insert into RAMO_ATIVIDADE(RAT_ID, RAT_NOME) values ('10', 'Bancário / Financeiro');
insert into RAMO_ATIVIDADE(RAT_ID, RAT_NOME) values ('11', 'Bebidas');
insert into RAMO_ATIVIDADE(RAT_ID, RAT_NOME) values ('12', 'Bens de Capital');
insert into RAMO_ATIVIDADE(RAT_ID, RAT_NOME) values ('13', 'Bens de Consumo (Outros)');
insert into RAMO_ATIVIDADE(RAT_ID, RAT_NOME) values ('14', 'Borracha');
insert into RAMO_ATIVIDADE(RAT_ID, RAT_NOME) values ('15', 'Café');
insert into RAMO_ATIVIDADE(RAT_ID, RAT_NOME) values ('16', 'Calçados');
insert into RAMO_ATIVIDADE(RAT_ID, RAT_NOME) values ('17', 'Comércio');
insert into RAMO_ATIVIDADE(RAT_ID, RAT_NOME) values ('18', 'Comunicação');
insert into RAMO_ATIVIDADE(RAT_ID, RAT_NOME) values ('19', 'Construção Civil');
insert into RAMO_ATIVIDADE(RAT_ID, RAT_NOME) values ('20', 'Consultoria Geral');
insert into RAMO_ATIVIDADE(RAT_ID, RAT_NOME) values ('21', 'Contabilidade/ Auditoria');
insert into RAMO_ATIVIDADE(RAT_ID, RAT_NOME) values ('22', 'Corretagem');
insert into RAMO_ATIVIDADE(RAT_ID, RAT_NOME) values ('23', 'Cosméticos');
insert into RAMO_ATIVIDADE(RAT_ID, RAT_NOME) values ('24', 'Diversão/ Entretenimento');
insert into RAMO_ATIVIDADE(RAT_ID, RAT_NOME) values ('25', 'Educação/ Idiomas');
insert into RAMO_ATIVIDADE(RAT_ID, RAT_NOME) values ('26', 'Eletrônica/ Eletroeletrônica/ Eletrodomésticos');
insert into RAMO_ATIVIDADE(RAT_ID, RAT_NOME) values ('27', 'Embalagens');
insert into RAMO_ATIVIDADE(RAT_ID, RAT_NOME) values ('28', 'Energia/ Eletricidade');
insert into RAMO_ATIVIDADE(RAT_ID, RAT_NOME) values ('29', 'Engenharia');
insert into RAMO_ATIVIDADE(RAT_ID, RAT_NOME) values ('30', 'Equipamentos industriais');
insert into RAMO_ATIVIDADE(RAT_ID, RAT_NOME) values ('31', 'Equipamentos médicos / precisão');
insert into RAMO_ATIVIDADE(RAT_ID, RAT_NOME) values ('32', 'Estética');
insert into RAMO_ATIVIDADE(RAT_ID, RAT_NOME) values ('33', 'Eventos');
insert into RAMO_ATIVIDADE(RAT_ID, RAT_NOME) values ('34', 'Farmacêutica');
insert into RAMO_ATIVIDADE(RAT_ID, RAT_NOME) values ('35', 'Financeiras');
insert into RAMO_ATIVIDADE(RAT_ID, RAT_NOME) values ('36', 'Gráfica/ Editoras');
insert into RAMO_ATIVIDADE(RAT_ID, RAT_NOME) values ('37', 'Importação/ Exportação');
insert into RAMO_ATIVIDADE(RAT_ID, RAT_NOME) values ('38', 'Incorporadora');
insert into RAMO_ATIVIDADE(RAT_ID, RAT_NOME) values ('39', 'Indústrias');
insert into RAMO_ATIVIDADE(RAT_ID, RAT_NOME) values ('40', 'Informática');
insert into RAMO_ATIVIDADE(RAT_ID, RAT_NOME) values ('41', 'Internet/ Sites');
insert into RAMO_ATIVIDADE(RAT_ID, RAT_NOME) values ('42', 'Jornais');
insert into RAMO_ATIVIDADE(RAT_ID, RAT_NOME) values ('43', 'Jurídica');
insert into RAMO_ATIVIDADE(RAT_ID, RAT_NOME) values ('44', 'Logística / Armazéns');
insert into RAMO_ATIVIDADE(RAT_ID, RAT_NOME) values ('45', 'Madeiras');
insert into RAMO_ATIVIDADE(RAT_ID, RAT_NOME) values ('46', 'Materiais de Construção');
insert into RAMO_ATIVIDADE(RAT_ID, RAT_NOME) values ('47', 'Material de Escritório');
insert into RAMO_ATIVIDADE(RAT_ID, RAT_NOME) values ('48', 'Mecânica/ Manutenção');
insert into RAMO_ATIVIDADE(RAT_ID, RAT_NOME) values ('49', 'Metalúrgica / Siderúrgica');
insert into RAMO_ATIVIDADE(RAT_ID, RAT_NOME) values ('50', 'Mineração');
insert into RAMO_ATIVIDADE(RAT_ID, RAT_NOME) values ('51', 'Móveis e Artefatos de decoração');
insert into RAMO_ATIVIDADE(RAT_ID, RAT_NOME) values ('52', 'Órgãos públicos');
insert into RAMO_ATIVIDADE(RAT_ID, RAT_NOME) values ('53', 'Outros');
insert into RAMO_ATIVIDADE(RAT_ID, RAT_NOME) values ('54', 'Papel e Derivados');
insert into RAMO_ATIVIDADE(RAT_ID, RAT_NOME) values ('55', 'Petroquímico/ Petróleo');
insert into RAMO_ATIVIDADE(RAT_ID, RAT_NOME) values ('56', 'Plásticos');
insert into RAMO_ATIVIDADE(RAT_ID, RAT_NOME) values ('57', 'Prestadora de Serviços');
insert into RAMO_ATIVIDADE(RAT_ID, RAT_NOME) values ('58', 'Publicidade / Propaganda');
insert into RAMO_ATIVIDADE(RAT_ID, RAT_NOME) values ('59', 'Recursos Humanos');
insert into RAMO_ATIVIDADE(RAT_ID, RAT_NOME) values ('60', 'Relações Públicas');
insert into RAMO_ATIVIDADE(RAT_ID, RAT_NOME) values ('61', 'Representação Comercial');
insert into RAMO_ATIVIDADE(RAT_ID, RAT_NOME) values ('62', 'Restaurante/ Industrial/ Fast Food');
insert into RAMO_ATIVIDADE(RAT_ID, RAT_NOME) values ('63', 'Saúde');
insert into RAMO_ATIVIDADE(RAT_ID, RAT_NOME) values ('64', 'Segurança Patrimonial');
insert into RAMO_ATIVIDADE(RAT_ID, RAT_NOME) values ('65', 'Seguros/ Previdência Privada');
insert into RAMO_ATIVIDADE(RAT_ID, RAT_NOME) values ('66', 'Sindicatos / Associações / ONGs');
insert into RAMO_ATIVIDADE(RAT_ID, RAT_NOME) values ('67', 'Supermercado / Hipermercado');
insert into RAMO_ATIVIDADE(RAT_ID, RAT_NOME) values ('68', 'Telecomunicações');
insert into RAMO_ATIVIDADE(RAT_ID, RAT_NOME) values ('69', 'Telemarketing/ Call Center');
insert into RAMO_ATIVIDADE(RAT_ID, RAT_NOME) values ('70', 'Têxtil/ Couro');
insert into RAMO_ATIVIDADE(RAT_ID, RAT_NOME) values ('71', 'Transportes');
insert into RAMO_ATIVIDADE(RAT_ID, RAT_NOME) values ('72', 'Turismo/ Hotelaria');
insert into RAMO_ATIVIDADE(RAT_ID, RAT_NOME) values ('73', 'Veiculos / Concessionárias / Auto Peças');
insert into RAMO_ATIVIDADE(RAT_ID, RAT_NOME) values ('74', 'Veterinária');


/*************************************************************************/
/***** Tabela SEXO *****/

insert into SEXO(SEX_ID, SEX_NOME) values ('1', 'Feminino');
insert into SEXO(SEX_ID, SEX_NOME) values ('2', 'Masculino');


/*************************************************************************/
/***** Tabela STATUS CLIENTE *****/

insert into STATUS_CLIENTE(STC_ID, STC_NOME) values ('0', 'Pendente');
insert into STATUS_CLIENTE(STC_ID, STC_NOME) values ('1', 'Sem Status');
insert into STATUS_CLIENTE(STC_ID, STC_NOME) values ('2', 'Aguardando Atendimento');
insert into STATUS_CLIENTE(STC_ID, STC_NOME) values ('3', 'Em Atendimento');


/*************************************************************************/
/***** Tabela STATUS REQUISICAO *****/

insert into STATUS_REQUISICAO(STR_ID, STR_NOME) values ('1', 'Requisicao Realizada');
insert into STATUS_REQUISICAO(STR_ID, STR_NOME) values ('2', 'Em Processamento');
insert into STATUS_REQUISICAO(STR_ID, STR_NOME) values ('3', 'Aguardando Resposta');
insert into STATUS_REQUISICAO(STR_ID, STR_NOME) values ('4', 'Aguardando Confirmação');
insert into STATUS_REQUISICAO(STR_ID, STR_NOME) values ('5', 'Aguardando Atendimento');
insert into STATUS_REQUISICAO(STR_ID, STR_NOME) values ('6', 'Em Atendimento');
insert into STATUS_REQUISICAO(STR_ID, STR_NOME) values ('7', 'Concluído');
insert into STATUS_REQUISICAO(STR_ID, STR_NOME) values ('8', 'Cancelado');


/*************************************************************************/
/***** Tabela STATUS TAXISTA *****/

insert into STATUS_TAXISTA(STT_ID, STT_NOME) values ('0', 'Pendente');
insert into STATUS_TAXISTA(STT_ID, STT_NOME) values ('1', 'Sem Status');
insert into STATUS_TAXISTA(STT_ID, STT_NOME) values ('2', 'TaxiLivre');
insert into STATUS_TAXISTA(STT_ID, STT_NOME) values ('3', 'Aguardando Confirmação Requisição');
insert into STATUS_TAXISTA(STT_ID, STT_NOME) values ('4', 'Em Atendimento');
insert into STATUS_TAXISTA(STT_ID, STT_NOME) values ('5', 'Suspenso');
insert into STATUS_TAXISTA(STT_ID, STT_NOME) values ('6', 'Fora Circulacao');


/*************************************************************************/
/***** Tabela TIPO PESSOA *****/

insert into TIPO_PESSOA(TPE_ID, TPE_NOME) values ('1', 'Pessoa Física');
insert into TIPO_PESSOA(TPE_ID, TPE_NOME) values ('2', 'Pessoa Jurídica');


/*************************************************************************/
/***** Tabela TIPO USUARIO *****/

insert into TIPO_USUARIO(TUS_ID, TUS_NOME) values ('1', 'Taxista');
insert into TIPO_USUARIO(TUS_ID, TUS_NOME) values ('2', 'Cliente');
insert into TIPO_USUARIO(TUS_ID, TUS_NOME) values ('3', 'Administrador');

/*************************************************************************/
/***** Tabela MONTADORA_VEICULO *****/

insert into MONTADORA_VEICULO(MNV_ID, MNV_NOME) values ('1', 'Aston');
insert into MONTADORA_VEICULO(MNV_ID, MNV_NOME) values ('2', 'Audi');
insert into MONTADORA_VEICULO(MNV_ID, MNV_NOME) values ('3', 'Bentley');
insert into MONTADORA_VEICULO(MNV_ID, MNV_NOME) values ('4', 'Bmw');
insert into MONTADORA_VEICULO(MNV_ID, MNV_NOME) values ('5', 'Chana');
insert into MONTADORA_VEICULO(MNV_ID, MNV_NOME) values ('6', 'Chery');
insert into MONTADORA_VEICULO(MNV_ID, MNV_NOME) values ('7', 'Chevrolet');
insert into MONTADORA_VEICULO(MNV_ID, MNV_NOME) values ('8', 'Chrysler');
insert into MONTADORA_VEICULO(MNV_ID, MNV_NOME) values ('9', 'Citroen');
insert into MONTADORA_VEICULO(MNV_ID, MNV_NOME) values ('10', 'Dodge');

insert into MONTADORA_VEICULO(MNV_ID, MNV_NOME) values ('11', 'Effa');
insert into MONTADORA_VEICULO(MNV_ID, MNV_NOME) values ('12', 'Ferrari');
insert into MONTADORA_VEICULO(MNV_ID, MNV_NOME) values ('13', 'Fiat');
insert into MONTADORA_VEICULO(MNV_ID, MNV_NOME) values ('14', 'Ford');
insert into MONTADORA_VEICULO(MNV_ID, MNV_NOME) values ('15', 'Hafei');
insert into MONTADORA_VEICULO(MNV_ID, MNV_NOME) values ('16', 'Honda');
insert into MONTADORA_VEICULO(MNV_ID, MNV_NOME) values ('17', 'Hyundai');
insert into MONTADORA_VEICULO(MNV_ID, MNV_NOME) values ('18', 'Iveco');
insert into MONTADORA_VEICULO(MNV_ID, MNV_NOME) values ('19', 'Jac Motors');
insert into MONTADORA_VEICULO(MNV_ID, MNV_NOME) values ('20', 'Jaguar');

insert into MONTADORA_VEICULO(MNV_ID, MNV_NOME) values ('21', 'Jeep');
insert into MONTADORA_VEICULO(MNV_ID, MNV_NOME) values ('22', 'Kia');
insert into MONTADORA_VEICULO(MNV_ID, MNV_NOME) values ('23', 'Lamborghini');
insert into MONTADORA_VEICULO(MNV_ID, MNV_NOME) values ('24', 'Land Rover');
insert into MONTADORA_VEICULO(MNV_ID, MNV_NOME) values ('25', 'Mahindra');
insert into MONTADORA_VEICULO(MNV_ID, MNV_NOME) values ('26', 'Maserati');
insert into MONTADORA_VEICULO(MNV_ID, MNV_NOME) values ('27', 'Mercedes');
insert into MONTADORA_VEICULO(MNV_ID, MNV_NOME) values ('28', 'Mini');
insert into MONTADORA_VEICULO(MNV_ID, MNV_NOME) values ('29', 'Mitsubishi');
insert into MONTADORA_VEICULO(MNV_ID, MNV_NOME) values ('30', 'Nissan');

insert into MONTADORA_VEICULO(MNV_ID, MNV_NOME) values ('31', 'Peugeot');
insert into MONTADORA_VEICULO(MNV_ID, MNV_NOME) values ('32', 'Porsche');
insert into MONTADORA_VEICULO(MNV_ID, MNV_NOME) values ('33', 'Renault');
insert into MONTADORA_VEICULO(MNV_ID, MNV_NOME) values ('34', 'Smart');
insert into MONTADORA_VEICULO(MNV_ID, MNV_NOME) values ('35', 'Ssangyong');
insert into MONTADORA_VEICULO(MNV_ID, MNV_NOME) values ('36', 'Subaru');
insert into MONTADORA_VEICULO(MNV_ID, MNV_NOME) values ('37', 'Suzuki');
insert into MONTADORA_VEICULO(MNV_ID, MNV_NOME) values ('38', 'Toyota');
insert into MONTADORA_VEICULO(MNV_ID, MNV_NOME) values ('39', 'Toyota');
insert into MONTADORA_VEICULO(MNV_ID, MNV_NOME) values ('40', 'Troller');
insert into MONTADORA_VEICULO(MNV_ID, MNV_NOME) values ('41', 'Volvo');


/*************************************************************************/
/***** Tabela MODELO_VEICULO *****/

insert into MODELO_VEICULO(MDV_ID, MDV_NOME, MNV_ID) values ('1', 'Martin', '1');			--Aston

insert into MODELO_VEICULO(MDV_ID, MDV_NOME, MNV_ID) values ('2', 'A3', '2');				--Audi
insert into MODELO_VEICULO(MDV_ID, MDV_NOME, MNV_ID) values ('3', 'A1', '2');
insert into MODELO_VEICULO(MDV_ID, MDV_NOME, MNV_ID) values ('4', 'R8', '2');
insert into MODELO_VEICULO(MDV_ID, MDV_NOME, MNV_ID) values ('5', 'A8', '2');
insert into MODELO_VEICULO(MDV_ID, MDV_NOME, MNV_ID) values ('6', 'TT', '2');
insert into MODELO_VEICULO(MDV_ID, MDV_NOME, MNV_ID) values ('7', 'A4', '2');
insert into MODELO_VEICULO(MDV_ID, MDV_NOME, MNV_ID) values ('8', 'Q7', '2');
insert into MODELO_VEICULO(MDV_ID, MDV_NOME, MNV_ID) values ('9', 'A7', '2');
insert into MODELO_VEICULO(MDV_ID, MDV_NOME, MNV_ID) values ('10', 'Q5', '2');
insert into MODELO_VEICULO(MDV_ID, MDV_NOME, MNV_ID) values ('11', 'A5', '2');
insert into MODELO_VEICULO(MDV_ID, MDV_NOME, MNV_ID) values ('12', 'A6', '2');
insert into MODELO_VEICULO(MDV_ID, MDV_NOME, MNV_ID) values ('13', 'S3', '2');
insert into MODELO_VEICULO(MDV_ID, MDV_NOME, MNV_ID) values ('14', 'RS6', '2');
insert into MODELO_VEICULO(MDV_ID, MDV_NOME, MNV_ID) values ('15', 'RS5', '2');
insert into MODELO_VEICULO(MDV_ID, MDV_NOME, MNV_ID) values ('16', 'TTS', '2');
insert into MODELO_VEICULO(MDV_ID, MDV_NOME, MNV_ID) values ('17', 'S6', '2');

insert into MODELO_VEICULO(MDV_ID, MDV_NOME, MNV_ID) values ('18', 'Continental GT', '3');	--Bentley

insert into MODELO_VEICULO(MDV_ID, MDV_NOME, MNV_ID) values ('19', 'X1', '4');				--Bmw
insert into MODELO_VEICULO(MDV_ID, MDV_NOME, MNV_ID) values ('20', 'X6', '4');
insert into MODELO_VEICULO(MDV_ID, MDV_NOME, MNV_ID) values ('21', 'X5', '4');
insert into MODELO_VEICULO(MDV_ID, MDV_NOME, MNV_ID) values ('22', 'Z4', '4');
insert into MODELO_VEICULO(MDV_ID, MDV_NOME, MNV_ID) values ('23', 'X3', '4');
insert into MODELO_VEICULO(MDV_ID, MDV_NOME, MNV_ID) values ('24', 'M5', '4');
insert into MODELO_VEICULO(MDV_ID, MDV_NOME, MNV_ID) values ('25', 'Série 1', '4');
insert into MODELO_VEICULO(MDV_ID, MDV_NOME, MNV_ID) values ('26', 'Série 5', '4');
insert into MODELO_VEICULO(MDV_ID, MDV_NOME, MNV_ID) values ('27', 'Série 3', '4');
insert into MODELO_VEICULO(MDV_ID, MDV_NOME, MNV_ID) values ('28', 'Série 7', '4');
insert into MODELO_VEICULO(MDV_ID, MDV_NOME, MNV_ID) values ('29', 'M3 Sedan', '4');
insert into MODELO_VEICULO(MDV_ID, MDV_NOME, MNV_ID) values ('30', 'M1 Coupe', '4');

insert into MODELO_VEICULO(MDV_ID, MDV_NOME, MNV_ID) values ('31', 'Cargo', '5');			--Chana
insert into MODELO_VEICULO(MDV_ID, MDV_NOME, MNV_ID) values ('32', 'Family', '5');
insert into MODELO_VEICULO(MDV_ID, MDV_NOME, MNV_ID) values ('33', 'Alsvin', '5');
insert into MODELO_VEICULO(MDV_ID, MDV_NOME, MNV_ID) values ('34', 'Benni', '5');
insert into MODELO_VEICULO(MDV_ID, MDV_NOME, MNV_ID) values ('35', 'Benni Mini', '5');
insert into MODELO_VEICULO(MDV_ID, MDV_NOME, MNV_ID) values ('36', 'Utility', '5');

insert into MODELO_VEICULO(MDV_ID, MDV_NOME, MNV_ID) values ('37', 'QQ', '6');				--Chery
insert into MODELO_VEICULO(MDV_ID, MDV_NOME, MNV_ID) values ('38', 'Face', '6');
insert into MODELO_VEICULO(MDV_ID, MDV_NOME, MNV_ID) values ('39', 'Tiggo', '6');
insert into MODELO_VEICULO(MDV_ID, MDV_NOME, MNV_ID) values ('40', 'Cielo Hatch', '6');
insert into MODELO_VEICULO(MDV_ID, MDV_NOME, MNV_ID) values ('41', 'Cielo Sedan', '6');

insert into MODELO_VEICULO(MDV_ID, MDV_NOME, MNV_ID) values ('42', 'Camaro', '7');			--Chevrolet
insert into MODELO_VEICULO(MDV_ID, MDV_NOME, MNV_ID) values ('43', 'Malibu', '7');
insert into MODELO_VEICULO(MDV_ID, MDV_NOME, MNV_ID) values ('44', 'Agile', '7');
insert into MODELO_VEICULO(MDV_ID, MDV_NOME, MNV_ID) values ('45', 'Captiva', '7');
insert into MODELO_VEICULO(MDV_ID, MDV_NOME, MNV_ID) values ('46', 'Celta', '7');
insert into MODELO_VEICULO(MDV_ID, MDV_NOME, MNV_ID) values ('47', 'Classic', '7');
insert into MODELO_VEICULO(MDV_ID, MDV_NOME, MNV_ID) values ('48', 'Montana', '7');
insert into MODELO_VEICULO(MDV_ID, MDV_NOME, MNV_ID) values ('49', 'Prisma', '7');
insert into MODELO_VEICULO(MDV_ID, MDV_NOME, MNV_ID) values ('50', 'Tracker', '7');
insert into MODELO_VEICULO(MDV_ID, MDV_NOME, MNV_ID) values ('51', 'Omega', '7');
insert into MODELO_VEICULO(MDV_ID, MDV_NOME, MNV_ID) values ('52', 'Blazer', '7');
insert into MODELO_VEICULO(MDV_ID, MDV_NOME, MNV_ID) values ('53', 'S10', '7');
insert into MODELO_VEICULO(MDV_ID, MDV_NOME, MNV_ID) values ('54', 'Vectra', '7');
insert into MODELO_VEICULO(MDV_ID, MDV_NOME, MNV_ID) values ('55', 'Zafira', '7');
insert into MODELO_VEICULO(MDV_ID, MDV_NOME, MNV_ID) values ('56', 'Meriva', '7');
insert into MODELO_VEICULO(MDV_ID, MDV_NOME, MNV_ID) values ('57', 'Opala', '7');
insert into MODELO_VEICULO(MDV_ID, MDV_NOME, MNV_ID) values ('58', 'Monza', '7');
insert into MODELO_VEICULO(MDV_ID, MDV_NOME, MNV_ID) values ('59', 'Corsa Sedan', '7');
insert into MODELO_VEICULO(MDV_ID, MDV_NOME, MNV_ID) values ('60', 'Chevette', '7');
insert into MODELO_VEICULO(MDV_ID, MDV_NOME, MNV_ID) values ('61', 'Corsa Hatch', '7');
insert into MODELO_VEICULO(MDV_ID, MDV_NOME, MNV_ID) values ('62', 'Vectra GT', '7');
insert into MODELO_VEICULO(MDV_ID, MDV_NOME, MNV_ID) values ('63', 'Astra Hatch', '7');
insert into MODELO_VEICULO(MDV_ID, MDV_NOME, MNV_ID) values ('64', 'Kadett', '7');
insert into MODELO_VEICULO(MDV_ID, MDV_NOME, MNV_ID) values ('65', 'Astra Sedan', '7');
insert into MODELO_VEICULO(MDV_ID, MDV_NOME, MNV_ID) values ('66', 'Maverick', '7');

insert into MODELO_VEICULO(MDV_ID, MDV_NOME, MNV_ID) values ('67', '300C', '8');			--Chrysler
insert into MODELO_VEICULO(MDV_ID, MDV_NOME, MNV_ID) values ('68', 'PT Cruiser', '8');
insert into MODELO_VEICULO(MDV_ID, MDV_NOME, MNV_ID) values ('69', 'Town & Country', '8');
insert into MODELO_VEICULO(MDV_ID, MDV_NOME, MNV_ID) values ('70', '300C Country', '8');

insert into MODELO_VEICULO(MDV_ID, MDV_NOME, MNV_ID) values ('71', 'C3', '9');				--Citroen
insert into MODELO_VEICULO(MDV_ID, MDV_NOME, MNV_ID) values ('72', 'Aircross', '9');
insert into MODELO_VEICULO(MDV_ID, MDV_NOME, MNV_ID) values ('73', 'C4', '9');
insert into MODELO_VEICULO(MDV_ID, MDV_NOME, MNV_ID) values ('74', 'C5', '9');
insert into MODELO_VEICULO(MDV_ID, MDV_NOME, MNV_ID) values ('75', 'C4 Pallas', '9');
insert into MODELO_VEICULO(MDV_ID, MDV_NOME, MNV_ID) values ('76', 'C4 Picasso', '9');
insert into MODELO_VEICULO(MDV_ID, MDV_NOME, MNV_ID) values ('77', 'Xsara Picasso', '9');
insert into MODELO_VEICULO(MDV_ID, MDV_NOME, MNV_ID) values ('78', 'C3 Picasso', '9');
insert into MODELO_VEICULO(MDV_ID, MDV_NOME, MNV_ID) values ('79', 'Jumper', '9');
insert into MODELO_VEICULO(MDV_ID, MDV_NOME, MNV_ID) values ('80', 'C3 XTR', '9');
insert into MODELO_VEICULO(MDV_ID, MDV_NOME, MNV_ID) values ('81', 'C5 Tourer', '9');
insert into MODELO_VEICULO(MDV_ID, MDV_NOME, MNV_ID) values ('82', 'Grand C4 Picasso', '9');
insert into MODELO_VEICULO(MDV_ID, MDV_NOME, MNV_ID) values ('83', 'Jumper Furgão', '9');
insert into MODELO_VEICULO(MDV_ID, MDV_NOME, MNV_ID) values ('84', 'Jumper Mini Bus', '9');
insert into MODELO_VEICULO(MDV_ID, MDV_NOME, MNV_ID) values ('85', 'Jumper Vetrato', '9');

insert into MODELO_VEICULO(MDV_ID, MDV_NOME, MNV_ID) values ('86', 'Journey', '10');		--Dodge
insert into MODELO_VEICULO(MDV_ID, MDV_NOME, MNV_ID) values ('87', 'Ram Pickup', '10');

insert into MODELO_VEICULO(MDV_ID, MDV_NOME, MNV_ID) values ('88', 'M100', '11');			--Effa
insert into MODELO_VEICULO(MDV_ID, MDV_NOME, MNV_ID) values ('89', 'Plutus', '11');
insert into MODELO_VEICULO(MDV_ID, MDV_NOME, MNV_ID) values ('90', 'Hafei Zhingyi Furgão', '11');
insert into MODELO_VEICULO(MDV_ID, MDV_NOME, MNV_ID) values ('91', 'Hafei Zhingyi Picape', '11');
insert into MODELO_VEICULO(MDV_ID, MDV_NOME, MNV_ID) values ('92', 'Hafei Zhingyi Van', '11');

insert into MODELO_VEICULO(MDV_ID, MDV_NOME, MNV_ID) values ('93', 'California', '12');		--Ferrari
insert into MODELO_VEICULO(MDV_ID, MDV_NOME, MNV_ID) values ('94', '458 Italia', '12');
insert into MODELO_VEICULO(MDV_ID, MDV_NOME, MNV_ID) values ('95', 'F430', '12');
insert into MODELO_VEICULO(MDV_ID, MDV_NOME, MNV_ID) values ('96', '599', '12');
insert into MODELO_VEICULO(MDV_ID, MDV_NOME, MNV_ID) values ('97', '612 Scaglietti', '12');
insert into MODELO_VEICULO(MDV_ID, MDV_NOME, MNV_ID) values ('98', 'F355', '12');
insert into MODELO_VEICULO(MDV_ID, MDV_NOME, MNV_ID) values ('99', '612', '12');
insert into MODELO_VEICULO(MDV_ID, MDV_NOME, MNV_ID) values ('100', 'F360 Modena', '12');

insert into MODELO_VEICULO(MDV_ID, MDV_NOME, MNV_ID) values ('101', 'Bravo', '13');		--Fiat
insert into MODELO_VEICULO(MDV_ID, MDV_NOME, MNV_ID) values ('102', 'Uno', '13');
insert into MODELO_VEICULO(MDV_ID, MDV_NOME, MNV_ID) values ('103', 'Punto', '13');
insert into MODELO_VEICULO(MDV_ID, MDV_NOME, MNV_ID) values ('104', '500', '13');
insert into MODELO_VEICULO(MDV_ID, MDV_NOME, MNV_ID) values ('105', 'Stilo', '13');
insert into MODELO_VEICULO(MDV_ID, MDV_NOME, MNV_ID) values ('106', 'Idea', '13');
insert into MODELO_VEICULO(MDV_ID, MDV_NOME, MNV_ID) values ('107', 'Strada', '13');
insert into MODELO_VEICULO(MDV_ID, MDV_NOME, MNV_ID) values ('108', 'Linea', '13');
insert into MODELO_VEICULO(MDV_ID, MDV_NOME, MNV_ID) values ('109', 'Palio', '13');
insert into MODELO_VEICULO(MDV_ID, MDV_NOME, MNV_ID) values ('110', 'Doblo', '13');
insert into MODELO_VEICULO(MDV_ID, MDV_NOME, MNV_ID) values ('111', 'Siena', '13');
insert into MODELO_VEICULO(MDV_ID, MDV_NOME, MNV_ID) values ('112', 'Ducato', '13');
insert into MODELO_VEICULO(MDV_ID, MDV_NOME, MNV_ID) values ('113', 'Palio Weekend', '13');
insert into MODELO_VEICULO(MDV_ID, MDV_NOME, MNV_ID) values ('114', 'Uno Mille', '13');
insert into MODELO_VEICULO(MDV_ID, MDV_NOME, MNV_ID) values ('115', 'Palio Adventure', '13');
insert into MODELO_VEICULO(MDV_ID, MDV_NOME, MNV_ID) values ('116', 'Fiorino Furgão', '13');
insert into MODELO_VEICULO(MDV_ID, MDV_NOME, MNV_ID) values ('117', 'Doblo Cargo', '13');
insert into MODELO_VEICULO(MDV_ID, MDV_NOME, MNV_ID) values ('118', 'Uno Furgão', '13');

insert into MODELO_VEICULO(MDV_ID, MDV_NOME, MNV_ID) values ('119', 'Ka', '14');			--Ford
insert into MODELO_VEICULO(MDV_ID, MDV_NOME, MNV_ID) values ('120', 'Fiesta', '14');
insert into MODELO_VEICULO(MDV_ID, MDV_NOME, MNV_ID) values ('121', 'Focus', '14');
insert into MODELO_VEICULO(MDV_ID, MDV_NOME, MNV_ID) values ('122', 'Fusion', '14');
insert into MODELO_VEICULO(MDV_ID, MDV_NOME, MNV_ID) values ('123', 'Edge', '14');
insert into MODELO_VEICULO(MDV_ID, MDV_NOME, MNV_ID) values ('124', 'Ranger', '14');
insert into MODELO_VEICULO(MDV_ID, MDV_NOME, MNV_ID) values ('125', 'Ecosport', '14');
insert into MODELO_VEICULO(MDV_ID, MDV_NOME, MNV_ID) values ('126', 'Courier', '14');
insert into MODELO_VEICULO(MDV_ID, MDV_NOME, MNV_ID) values ('127', 'Fiesta Sedan', '14');
insert into MODELO_VEICULO(MDV_ID, MDV_NOME, MNV_ID) values ('128', 'New Fiesta', '14');
insert into MODELO_VEICULO(MDV_ID, MDV_NOME, MNV_ID) values ('129', 'Focus Sedan', '14');
insert into MODELO_VEICULO(MDV_ID, MDV_NOME, MNV_ID) values ('130', 'F0250', '14');
insert into MODELO_VEICULO(MDV_ID, MDV_NOME, MNV_ID) values ('131', 'F0350', '14');
insert into MODELO_VEICULO(MDV_ID, MDV_NOME, MNV_ID) values ('132', 'F04000', '14');
insert into MODELO_VEICULO(MDV_ID, MDV_NOME, MNV_ID) values ('133', 'Courier Van', '14');

insert into MODELO_VEICULO(MDV_ID, MDV_NOME, MNV_ID) values ('134', 'Towner Furgão', '15');	--Hafei
insert into MODELO_VEICULO(MDV_ID, MDV_NOME, MNV_ID) values ('135', 'Towner Passageiro', '15');
insert into MODELO_VEICULO(MDV_ID, MDV_NOME, MNV_ID) values ('136', 'Towner Pickup', '15');

insert into MODELO_VEICULO(MDV_ID, MDV_NOME, MNV_ID) values ('137', 'Civic', '16');			--Honda
insert into MODELO_VEICULO(MDV_ID, MDV_NOME, MNV_ID) values ('138', 'Fit', '16');
insert into MODELO_VEICULO(MDV_ID, MDV_NOME, MNV_ID) values ('139', 'City', '16');
insert into MODELO_VEICULO(MDV_ID, MDV_NOME, MNV_ID) values ('140', 'Accord', '16');
insert into MODELO_VEICULO(MDV_ID, MDV_NOME, MNV_ID) values ('141', 'Civic SI', '16');
insert into MODELO_VEICULO(MDV_ID, MDV_NOME, MNV_ID) values ('142', 'CR0V', '16');

insert into MODELO_VEICULO(MDV_ID, MDV_NOME, MNV_ID) values ('143', 'i30', '17');			--Hyundai
insert into MODELO_VEICULO(MDV_ID, MDV_NOME, MNV_ID) values ('144', 'ix35', '17');
insert into MODELO_VEICULO(MDV_ID, MDV_NOME, MNV_ID) values ('145', 'Sonata', '17');
insert into MODELO_VEICULO(MDV_ID, MDV_NOME, MNV_ID) values ('146', 'Tucson', '17');
insert into MODELO_VEICULO(MDV_ID, MDV_NOME, MNV_ID) values ('147', 'HR', '17');
insert into MODELO_VEICULO(MDV_ID, MDV_NOME, MNV_ID) values ('148', 'Azera', '17');
insert into MODELO_VEICULO(MDV_ID, MDV_NOME, MNV_ID) values ('149', 'Santa Fé', '17');
insert into MODELO_VEICULO(MDV_ID, MDV_NOME, MNV_ID) values ('150', 'Veracruz', '17');
insert into MODELO_VEICULO(MDV_ID, MDV_NOME, MNV_ID) values ('151', 'i30CW', '17');

insert into MODELO_VEICULO(MDV_ID, MDV_NOME, MNV_ID) values ('152', 'Daily', '18');			--Iveco
insert into MODELO_VEICULO(MDV_ID, MDV_NOME, MNV_ID) values ('153', 'Strallis', '18');

insert into MODELO_VEICULO(MDV_ID, MDV_NOME, MNV_ID) values ('154', 'J3', '19');			--JAC Motors
insert into MODELO_VEICULO(MDV_ID, MDV_NOME, MNV_ID) values ('155', 'J5', '19');
insert into MODELO_VEICULO(MDV_ID, MDV_NOME, MNV_ID) values ('156', 'J6', '19');
insert into MODELO_VEICULO(MDV_ID, MDV_NOME, MNV_ID) values ('157', 'J3 Turin', '19');

insert into MODELO_VEICULO(MDV_ID, MDV_NOME, MNV_ID) values ('158', 'XF', 20);				--Jaguar
insert into MODELO_VEICULO(MDV_ID, MDV_NOME, MNV_ID) values ('159', 'X0Type', 20);
insert into MODELO_VEICULO(MDV_ID, MDV_NOME, MNV_ID) values ('160', 'XJ6', 20);
insert into MODELO_VEICULO(MDV_ID, MDV_NOME, MNV_ID) values ('161', 'XJ5', 20);
insert into MODELO_VEICULO(MDV_ID, MDV_NOME, MNV_ID) values ('162', 'XK Series', 20);

insert into MODELO_VEICULO(MDV_ID, MDV_NOME, MNV_ID) values ('163', 'Cherokee', 21);		--Jeep
insert into MODELO_VEICULO(MDV_ID, MDV_NOME, MNV_ID) values ('164', 'Grand Cherokee', 21);

insert into MODELO_VEICULO(MDV_ID, MDV_NOME, MNV_ID) values ('165', 'Cerato', 22);			--Kia
insert into MODELO_VEICULO(MDV_ID, MDV_NOME, MNV_ID) values ('166', 'Picanto', 22);
insert into MODELO_VEICULO(MDV_ID, MDV_NOME, MNV_ID) values ('167', 'Sorento', 22);
insert into MODELO_VEICULO(MDV_ID, MDV_NOME, MNV_ID) values ('168', 'Cadenza', 22);
insert into MODELO_VEICULO(MDV_ID, MDV_NOME, MNV_ID) values ('169', 'Bongo', 22);
insert into MODELO_VEICULO(MDV_ID, MDV_NOME, MNV_ID) values ('170', 'Carens', 22);
insert into MODELO_VEICULO(MDV_ID, MDV_NOME, MNV_ID) values ('171', 'Mohave', 22);
insert into MODELO_VEICULO(MDV_ID, MDV_NOME, MNV_ID) values ('172', 'Carnival', 22);
insert into MODELO_VEICULO(MDV_ID, MDV_NOME, MNV_ID) values ('173', 'K2500', 22);
insert into MODELO_VEICULO(MDV_ID, MDV_NOME, MNV_ID) values ('174', 'Magnetis', 22);
insert into MODELO_VEICULO(MDV_ID, MDV_NOME, MNV_ID) values ('175', 'Soul', 22);

insert into MODELO_VEICULO(MDV_ID, MDV_NOME, MNV_ID) values ('176', 'Gallardo', '23');		--Lamborghini
insert into MODELO_VEICULO(MDV_ID, MDV_NOME, MNV_ID) values ('177', 'Gallardo Spyder', '23');

insert into MODELO_VEICULO(MDV_ID, MDV_NOME, MNV_ID) values ('178', 'Defender', '24');		--Land Rover
insert into MODELO_VEICULO(MDV_ID, MDV_NOME, MNV_ID) values ('179', 'Freelander', '24');
insert into MODELO_VEICULO(MDV_ID, MDV_NOME, MNV_ID) values ('180', 'Dicovery', '24');
insert into MODELO_VEICULO(MDV_ID, MDV_NOME, MNV_ID) values ('181', 'Range Rover', '24');

insert into MODELO_VEICULO(MDV_ID, MDV_NOME, MNV_ID) values ('182', 'Mahindra Chassi', '25');	--Mahindra
insert into MODELO_VEICULO(MDV_ID, MDV_NOME, MNV_ID) values ('183', 'Mahindra Pickup', '25');
insert into MODELO_VEICULO(MDV_ID, MDV_NOME, MNV_ID) values ('184', 'Mahindra SUV', '25');

insert into MODELO_VEICULO(MDV_ID, MDV_NOME, MNV_ID) values ('185', 'Quattroporte', '26');	--Maseratti
insert into MODELO_VEICULO(MDV_ID, MDV_NOME, MNV_ID) values ('186', 'Grancabrio', '26');
insert into MODELO_VEICULO(MDV_ID, MDV_NOME, MNV_ID) values ('187', 'GranTurismo', '26');
insert into MODELO_VEICULO(MDV_ID, MDV_NOME, MNV_ID) values ('188', 'GranSport', '26');
insert into MODELO_VEICULO(MDV_ID, MDV_NOME, MNV_ID) values ('189', 'Coupé', '26');

insert into MODELO_VEICULO(MDV_ID, MDV_NOME, MNV_ID) values ('190', 'C200', '27');			--Mercedes
insert into MODELO_VEICULO(MDV_ID, MDV_NOME, MNV_ID) values ('191', 'Classe B', '27');
insert into MODELO_VEICULO(MDV_ID, MDV_NOME, MNV_ID) values ('192', 'Classe C', '27');
insert into MODELO_VEICULO(MDV_ID, MDV_NOME, MNV_ID) values ('193', 'Sprinter', '27');
insert into MODELO_VEICULO(MDV_ID, MDV_NOME, MNV_ID) values ('194', 'CLK', '27');
insert into MODELO_VEICULO(MDV_ID, MDV_NOME, MNV_ID) values ('195', 'Classe E', '27');
insert into MODELO_VEICULO(MDV_ID, MDV_NOME, MNV_ID) values ('196', 'Classe S', '27');
insert into MODELO_VEICULO(MDV_ID, MDV_NOME, MNV_ID) values ('197', 'Classe G', '27');
insert into MODELO_VEICULO(MDV_ID, MDV_NOME, MNV_ID) values ('198', 'Classe M', '27');
insert into MODELO_VEICULO(MDV_ID, MDV_NOME, MNV_ID) values ('199', 'Classe R', '27');
insert into MODELO_VEICULO(MDV_ID, MDV_NOME, MNV_ID) values ('200', 'Classe CL', '27');
insert into MODELO_VEICULO(MDV_ID, MDV_NOME, MNV_ID) values ('201', 'Classe GL', '27');
insert into MODELO_VEICULO(MDV_ID, MDV_NOME, MNV_ID) values ('202', 'Classe GLK', '27');
insert into MODELO_VEICULO(MDV_ID, MDV_NOME, MNV_ID) values ('203', 'Classe C Touring', '27');
insert into MODELO_VEICULO(MDV_ID, MDV_NOME, MNV_ID) values ('204', 'Classe CLC', '27');
insert into MODELO_VEICULO(MDV_ID, MDV_NOME, MNV_ID) values ('205', 'Classe CLS', '27');
insert into MODELO_VEICULO(MDV_ID, MDV_NOME, MNV_ID) values ('206', 'Calsse SLK', '27');
insert into MODELO_VEICULO(MDV_ID, MDV_NOME, MNV_ID) values ('207', 'Classe E Cabrio', '27');
insert into MODELO_VEICULO(MDV_ID, MDV_NOME, MNV_ID) values ('208', 'Classe E Coupé', '27');
insert into MODELO_VEICULO(MDV_ID, MDV_NOME, MNV_ID) values ('209', 'Classe E Touring', '27');
insert into MODELO_VEICULO(MDV_ID, MDV_NOME, MNV_ID) values ('210', 'Classe SL', '27');

insert into MODELO_VEICULO(MDV_ID, MDV_NOME, MNV_ID) values ('211', 'Cooper', '28');		--Mini
insert into MODELO_VEICULO(MDV_ID, MDV_NOME, MNV_ID) values ('212', 'Countryman', '28');
insert into MODELO_VEICULO(MDV_ID, MDV_NOME, MNV_ID) values ('213', 'Cabrio', '28');
insert into MODELO_VEICULO(MDV_ID, MDV_NOME, MNV_ID) values ('214', 'Cooper Clubman', '28');

insert into MODELO_VEICULO(MDV_ID, MDV_NOME, MNV_ID) values ('215', 'Asx', '29');			--Mitsubishi
insert into MODELO_VEICULO(MDV_ID, MDV_NOME, MNV_ID) values ('216', 'Outlander', '29');
insert into MODELO_VEICULO(MDV_ID, MDV_NOME, MNV_ID) values ('217', 'L200', '29');
insert into MODELO_VEICULO(MDV_ID, MDV_NOME, MNV_ID) values ('218', 'L200 Triton', '29');
insert into MODELO_VEICULO(MDV_ID, MDV_NOME, MNV_ID) values ('219', 'Pajero TR4	', '29');
insert into MODELO_VEICULO(MDV_ID, MDV_NOME, MNV_ID) values ('220', 'Lancer Evolution', '29');
insert into MODELO_VEICULO(MDV_ID, MDV_NOME, MNV_ID) values ('221', 'Pajero Sport', '29');
insert into MODELO_VEICULO(MDV_ID, MDV_NOME, MNV_ID) values ('222', 'Pajero Full', '29');
insert into MODELO_VEICULO(MDV_ID, MDV_NOME, MNV_ID) values ('223', 'L200 Outdoor', '29');
insert into MODELO_VEICULO(MDV_ID, MDV_NOME, MNV_ID) values ('224', 'Pajero Dakar', '29');
insert into MODELO_VEICULO(MDV_ID, MDV_NOME, MNV_ID) values ('225', 'L200 Savana', '29');
insert into MODELO_VEICULO(MDV_ID, MDV_NOME, MNV_ID) values ('226', 'L200 GL', '29');
insert into MODELO_VEICULO(MDV_ID, MDV_NOME, MNV_ID) values ('227', 'Air Track', '29');
insert into MODELO_VEICULO(MDV_ID, MDV_NOME, MNV_ID) values ('228', 'Pajero Full 3D', '29');
insert into MODELO_VEICULO(MDV_ID, MDV_NOME, MNV_ID) values ('229', 'Pajero HD', '29');
insert into MODELO_VEICULO(MDV_ID, MDV_NOME, MNV_ID) values ('230', 'L200 Triton RS', '29');

insert into MODELO_VEICULO(MDV_ID, MDV_NOME, MNV_ID) values ('231', 'Livina', '30');			--Nissan
insert into MODELO_VEICULO(MDV_ID, MDV_NOME, MNV_ID) values ('232', 'Frontier', '30');
insert into MODELO_VEICULO(MDV_ID, MDV_NOME, MNV_ID) values ('233', 'Tiida', '30');
insert into MODELO_VEICULO(MDV_ID, MDV_NOME, MNV_ID) values ('234', 'Sentra', '30');
insert into MODELO_VEICULO(MDV_ID, MDV_NOME, MNV_ID) values ('235', '350z', '30');
insert into MODELO_VEICULO(MDV_ID, MDV_NOME, MNV_ID) values ('236', 'March', '30');
insert into MODELO_VEICULO(MDV_ID, MDV_NOME, MNV_ID) values ('237', 'Grand Livina', '30');
insert into MODELO_VEICULO(MDV_ID, MDV_NOME, MNV_ID) values ('238', 'XTRAIL', '30');

insert into MODELO_VEICULO(MDV_ID, MDV_NOME, MNV_ID) values ('239', '207', '31');				--Peugeot
insert into MODELO_VEICULO(MDV_ID, MDV_NOME, MNV_ID) values ('240', '307', '31');
insert into MODELO_VEICULO(MDV_ID, MDV_NOME, MNV_ID) values ('241', '3008', '31');
insert into MODELO_VEICULO(MDV_ID, MDV_NOME, MNV_ID) values ('242', '408', '31');
insert into MODELO_VEICULO(MDV_ID, MDV_NOME, MNV_ID) values ('243', '207 Passion', '31');
insert into MODELO_VEICULO(MDV_ID, MDV_NOME, MNV_ID) values ('244', 'Hoggar', '31');
insert into MODELO_VEICULO(MDV_ID, MDV_NOME, MNV_ID) values ('245', '407', '31');
insert into MODELO_VEICULO(MDV_ID, MDV_NOME, MNV_ID) values ('246', 'Partner', '31');
insert into MODELO_VEICULO(MDV_ID, MDV_NOME, MNV_ID) values ('247', '207 SW', '31');
insert into MODELO_VEICULO(MDV_ID, MDV_NOME, MNV_ID) values ('248', '307 Sedan', '31');
insert into MODELO_VEICULO(MDV_ID, MDV_NOME, MNV_ID) values ('249', 'Boxer', '31');
insert into MODELO_VEICULO(MDV_ID, MDV_NOME, MNV_ID) values ('250', '307 CC', '31');
insert into MODELO_VEICULO(MDV_ID, MDV_NOME, MNV_ID) values ('251', '407 SW', '31');

insert into MODELO_VEICULO(MDV_ID, MDV_NOME, MNV_ID) values ('252', 'Cayenne', '32');		--Posrsche
insert into MODELO_VEICULO(MDV_ID, MDV_NOME, MNV_ID) values ('253', 'Panamera', '32');
insert into MODELO_VEICULO(MDV_ID, MDV_NOME, MNV_ID) values ('254', '911', '32');
insert into MODELO_VEICULO(MDV_ID, MDV_NOME, MNV_ID) values ('255', 'Cayman', '32');
insert into MODELO_VEICULO(MDV_ID, MDV_NOME, MNV_ID) values ('256', 'Boxster', '32');
insert into MODELO_VEICULO(MDV_ID, MDV_NOME, MNV_ID) values ('257', '911 Turbo', '32');
insert into MODELO_VEICULO(MDV_ID, MDV_NOME, MNV_ID) values ('258', '911 Carrera', '32');
insert into MODELO_VEICULO(MDV_ID, MDV_NOME, MNV_ID) values ('259', '911 Cabrio', '32');

insert into MODELO_VEICULO(MDV_ID, MDV_NOME, MNV_ID) values ('260', 'Sandero', '33');		--Renault
insert into MODELO_VEICULO(MDV_ID, MDV_NOME, MNV_ID) values ('261', 'Fluence', '33');
insert into MODELO_VEICULO(MDV_ID, MDV_NOME, MNV_ID) values ('262', 'Logan', '33');
insert into MODELO_VEICULO(MDV_ID, MDV_NOME, MNV_ID) values ('263', 'Symbol', '33');
insert into MODELO_VEICULO(MDV_ID, MDV_NOME, MNV_ID) values ('264', 'Master', '33');
insert into MODELO_VEICULO(MDV_ID, MDV_NOME, MNV_ID) values ('265', 'Scenic', '33');
insert into MODELO_VEICULO(MDV_ID, MDV_NOME, MNV_ID) values ('266', 'Kangoo', '33');
insert into MODELO_VEICULO(MDV_ID, MDV_NOME, MNV_ID) values ('267', 'Megane Grand Tour', '33');
insert into MODELO_VEICULO(MDV_ID, MDV_NOME, MNV_ID) values ('268', 'Grand Scenic', '33');
insert into MODELO_VEICULO(MDV_ID, MDV_NOME, MNV_ID) values ('269', 'Megane Sedan', '33');
insert into MODELO_VEICULO(MDV_ID, MDV_NOME, MNV_ID) values ('270', 'Kangoo Express', '33');
insert into MODELO_VEICULO(MDV_ID, MDV_NOME, MNV_ID) values ('271', 'Clio Hatch', '33');

insert into MODELO_VEICULO(MDV_ID, MDV_NOME, MNV_ID) values ('272', 'Fortwo', '34');		--Smart

insert into MODELO_VEICULO(MDV_ID, MDV_NOME, MNV_ID) values ('273', 'Actyon', '35');		--Ssangyong
insert into MODELO_VEICULO(MDV_ID, MDV_NOME, MNV_ID) values ('274', 'Kyron', '35');
insert into MODELO_VEICULO(MDV_ID, MDV_NOME, MNV_ID) values ('275', 'Actyon Sports', '35');
insert into MODELO_VEICULO(MDV_ID, MDV_NOME, MNV_ID) values ('276', 'Rexton', '35');
insert into MODELO_VEICULO(MDV_ID, MDV_NOME, MNV_ID) values ('277', 'C200', '35');

insert into MODELO_VEICULO(MDV_ID, MDV_NOME, MNV_ID) values ('278', 'Impreza', '36');		--Subaru
insert into MODELO_VEICULO(MDV_ID, MDV_NOME, MNV_ID) values ('279', 'Forester', '36');
insert into MODELO_VEICULO(MDV_ID, MDV_NOME, MNV_ID) values ('280', 'Tribeca', '36');
insert into MODELO_VEICULO(MDV_ID, MDV_NOME, MNV_ID) values ('281', 'Legacy', '36');
insert into MODELO_VEICULO(MDV_ID, MDV_NOME, MNV_ID) values ('282', 'Outback', '36');
insert into MODELO_VEICULO(MDV_ID, MDV_NOME, MNV_ID) values ('283', 'Impreza Sedan', '36');

insert into MODELO_VEICULO(MDV_ID, MDV_NOME, MNV_ID) values ('284', 'SX4', '37');			--Suzuki
insert into MODELO_VEICULO(MDV_ID, MDV_NOME, MNV_ID) values ('285', 'Jimny', '37');
insert into MODELO_VEICULO(MDV_ID, MDV_NOME, MNV_ID) values ('286', 'Grand Vitara', '37');

insert into MODELO_VEICULO(MDV_ID, MDV_NOME, MNV_ID) values ('287', 'Corolla', '38');		--Toyota
insert into MODELO_VEICULO(MDV_ID, MDV_NOME, MNV_ID) values ('288', 'Camry', '38');
insert into MODELO_VEICULO(MDV_ID, MDV_NOME, MNV_ID) values ('289', 'RAV4', '38');
insert into MODELO_VEICULO(MDV_ID, MDV_NOME, MNV_ID) values ('290', 'Hilux SW4', '38');
insert into MODELO_VEICULO(MDV_ID, MDV_NOME, MNV_ID) values ('291', 'Hilux Cabine Simples', '38');
insert into MODELO_VEICULO(MDV_ID, MDV_NOME, MNV_ID) values ('292', 'Hilux Cabine Dupla', '38');
insert into MODELO_VEICULO(MDV_ID, MDV_NOME, MNV_ID) values ('293', 'Land Cruiser Prado', '38');
insert into MODELO_VEICULO(MDV_ID, MDV_NOME, MNV_ID) values ('294', 'Corolla Fielder', '38');

insert into MODELO_VEICULO(MDV_ID, MDV_NOME, MNV_ID) values ('295', 'T4', '39');			--Troller

insert into MODELO_VEICULO(MDV_ID, MDV_NOME, MNV_ID) values ('296', 'Gol', '40');			--Volskwagen
insert into MODELO_VEICULO(MDV_ID, MDV_NOME, MNV_ID) values ('297', 'Fox', '40');
insert into MODELO_VEICULO(MDV_ID, MDV_NOME, MNV_ID) values ('298', 'Amarok', '40');
insert into MODELO_VEICULO(MDV_ID, MDV_NOME, MNV_ID) values ('299', 'Tiguan', '40');
insert into MODELO_VEICULO(MDV_ID, MDV_NOME, MNV_ID) values ('300', 'Golf', '40');
insert into MODELO_VEICULO(MDV_ID, MDV_NOME, MNV_ID) values ('301', 'Voyage', '40');
insert into MODELO_VEICULO(MDV_ID, MDV_NOME, MNV_ID) values ('302', 'Eos', '40');
insert into MODELO_VEICULO(MDV_ID, MDV_NOME, MNV_ID) values ('303', 'Jetta', '40');
insert into MODELO_VEICULO(MDV_ID, MDV_NOME, MNV_ID) values ('304', 'Bora', '40');
insert into MODELO_VEICULO(MDV_ID, MDV_NOME, MNV_ID) values ('305', 'Touareg', '40');
insert into MODELO_VEICULO(MDV_ID, MDV_NOME, MNV_ID) values ('306', 'Saveiro', '40');
insert into MODELO_VEICULO(MDV_ID, MDV_NOME, MNV_ID) values ('307', 'Kombi', '40');
insert into MODELO_VEICULO(MDV_ID, MDV_NOME, MNV_ID) values ('308', 'Parati', '40');
insert into MODELO_VEICULO(MDV_ID, MDV_NOME, MNV_ID) values ('309', 'Passat', '40');
insert into MODELO_VEICULO(MDV_ID, MDV_NOME, MNV_ID) values ('310', 'Crossfox', '40');
insert into MODELO_VEICULO(MDV_ID, MDV_NOME, MNV_ID) values ('311', 'Fusca', '40');
insert into MODELO_VEICULO(MDV_ID, MDV_NOME, MNV_ID) values ('312', 'SpaceFox', '40');
insert into MODELO_VEICULO(MDV_ID, MDV_NOME, MNV_ID) values ('313', 'New Beetle', '40');
insert into MODELO_VEICULO(MDV_ID, MDV_NOME, MNV_ID) values ('314', 'Polo Sedan', '40');
insert into MODELO_VEICULO(MDV_ID, MDV_NOME, MNV_ID) values ('315', 'Passat CC', '40');
insert into MODELO_VEICULO(MDV_ID, MDV_NOME, MNV_ID) values ('316', 'Polo Hatch', '40');
insert into MODELO_VEICULO(MDV_ID, MDV_NOME, MNV_ID) values ('317', 'Jetta Variant', '40');
insert into MODELO_VEICULO(MDV_ID, MDV_NOME, MNV_ID) values ('318', 'Kombi Furgão', '40');
insert into MODELO_VEICULO(MDV_ID, MDV_NOME, MNV_ID) values ('319', 'Passar Variant', '40');

insert into MODELO_VEICULO(MDV_ID, MDV_NOME, MNV_ID) values ('320', 'C30', '41');			--Volvo
insert into MODELO_VEICULO(MDV_ID, MDV_NOME, MNV_ID) values ('321', 'XC60', '41');
insert into MODELO_VEICULO(MDV_ID, MDV_NOME, MNV_ID) values ('322', 'S60', '41');
insert into MODELO_VEICULO(MDV_ID, MDV_NOME, MNV_ID) values ('323', 'XC70', '41');
insert into MODELO_VEICULO(MDV_ID, MDV_NOME, MNV_ID) values ('324', 'S40', '41');
insert into MODELO_VEICULO(MDV_ID, MDV_NOME, MNV_ID) values ('325', 'XC90', '41');
insert into MODELO_VEICULO(MDV_ID, MDV_NOME, MNV_ID) values ('326', 'C70', '41');
insert into MODELO_VEICULO(MDV_ID, MDV_NOME, MNV_ID) values ('327', 'S80', '41');
insert into MODELO_VEICULO(MDV_ID, MDV_NOME, MNV_ID) values ('328', 'V50', '41');
















